Position,Name + ID,Name,ID,Roster Position,Salary,Game Info,TeamAbbrev,AvgPointsPerGame,Max Exposure
OF,Aaron Judge (13082726),Aaron Judge,13082726,OF,4900,NYY@BAL 08/06/2019 07:05PM ET,NYY,18,5.166666667
OF,Adam Duvall (13082852),Adam Duvall,13082852,OF,4100,ATL@MIN 08/06/2019 08:10PM ET,ATL,13,5.166666667
OF,Adam Engel (13083465),Adam Engel,13083465,OF,2900,CWS@DET 08/06/2019 07:10PM ET,CWS,10,5.166666667
2B,Adam Frazier (13082972),Adam Frazier,13082972,2B,3700,MIL@PIT 08/06/2019 07:05PM ET,PIT,12,5.166666667
OF,Adam Haseley (13083019),Adam Haseley,13083019,OF,3600,PHI@ARI 08/06/2019 09:40PM ET,PHI,12,5.166666667
2B/SS,Adeiny Hechavarria (13083056),Adeiny Hechavarria,13083056,2B/SS,3500,MIA@NYM 08/06/2019 07:10PM ET,NYM,9,5.166666667
OF,Albert Almora Jr. (13082927),Albert Almora Jr.,13082927,OF,3900,OAK@CHC 08/06/2019 08:05PM ET,CHC,10,5.166666667
1B,Albert Pujols (13082868),Albert Pujols,13082868,1B,4000,LAA@CIN 08/06/2019 07:10PM ET,LAA,12,5.166666667
C,Alex Avila (13082880),Alex Avila,13082880,C,4000,PHI@ARI 08/06/2019 09:40PM ET,ARI,10,5.166666667
3B/SS,Alex Bregman (13082766),Alex Bregman,13082766,3B/SS,4400,COL@HOU 08/06/2019 08:10PM ET,HOU,14,5.166666667
OF,Alex Gordon (13082812),Alex Gordon,13082812,OF,4200,KC@BOS 08/06/2019 07:10PM ET,KC,13,5.166666667
OF,Andrew Benintendi (13082686),Andrew Benintendi,13082686,OF,5000,KC@BOS 08/06/2019 07:10PM ET,BOS,15,5.166666667
SP,Andrew Cashner (13082656),Andrew Cashner,13082656,P,5800,KC@BOS 08/06/2019 07:10PM ET,BOS,10.8066,
C,Andrew Knizner (13083467),Andrew Knizner,13083467,C,2900,STL@LAD 08/06/2019 10:10PM ET,STL,8,5.166666667
SP,Anibal Sanchez (13082641),Anibal Sanchez,13082641,P,8000,WAS@SF 08/06/2019 09:45PM ET,WAS,18.408,
SP,Anthony DeSclafani (13082639),Anthony DeSclafani,13082639,P,8300,LAA@CIN 08/06/2019 07:10PM ET,CIN,16.1832,
3B,Anthony Rendon (13082684),Anthony Rendon,13082684,3B,5000,WAS@SF 08/06/2019 09:45PM ET,WAS,14,5.166666667
1B,Anthony Rizzo (13082760),Anthony Rizzo,13082760,1B,4500,OAK@CHC 08/06/2019 08:05PM ET,CHC,14,5.166666667
OF,Anthony Santander (13082792),Anthony Santander,13082792,OF,4300,NYY@BAL 08/06/2019 07:05PM ET,BAL,11,5.166666667
SP,Ariel Jurado (13082661),Ariel Jurado,13082661,P,4400,TEX@CLE 08/06/2019 07:10PM ET,TEX,7.58329,
OF,Aristides Aquino (13082976),Aristides Aquino,13082976,OF,3700,LAA@CIN 08/06/2019 07:10PM ET,CIN,16,5.166666667
SP,Asher Wojciechowski (13082650),Asher Wojciechowski,13082650,P,6600,NYY@BAL 08/06/2019 07:05PM ET,BAL,10.2604,
C,Austin Hedges (13083398),Austin Hedges,13083398,C,3000,SD@SEA 08/06/2019 10:10PM ET,SD,10,5.166666667
OF,Austin Meadows (13082693),Austin Meadows,13082693,OF,5000,TOR@TB 08/06/2019 07:10PM ET,TB,14,5.166666667
1B/2B,Austin Nola (13082978),Austin Nola,13082978,1B/2B,3700,SD@SEA 08/06/2019 10:10PM ET,SEA,10,5.166666667
C,Austin Romine (13082944),Austin Romine,13082944,C,3800,NYY@BAL 08/06/2019 07:05PM ET,NYY,11,5.166666667
OF,Avisail Garcia (13082811),Avisail Garcia,13082811,OF,4200,TOR@TB 08/06/2019 07:10PM ET,TB,11,5.166666667
SS,Bo Bichette (13082843),Bo Bichette,13082843,SS,4200,TOR@TB 08/06/2019 07:10PM ET,TOR,12,5.166666667
1B,Brandon Belt (13083009),Brandon Belt,13083009,1B,3600,WAS@SF 08/06/2019 09:45PM ET,SF,11,5.166666667
SS,Brandon Crawford (13083231),Brandon Crawford,13083231,SS,3200,WAS@SF 08/06/2019 09:45PM ET,SF,8,5.166666667
1B,Brandon Dixon (13082836),Brandon Dixon,13082836,1B,4100,CWS@DET 08/06/2019 07:10PM ET,DET,16,5.166666667
3B/OF,Brandon Drury (13083234),Brandon Drury,13083234,3B/OF,3200,TOR@TB 08/06/2019 07:10PM ET,TOR,8,5.166666667
SP,Brett Anderson (13082655),Brett Anderson,13082655,P,5900,OAK@CHC 08/06/2019 08:05PM ET,OAK,9.54356,
OF,Brett Gardner (13082784),Brett Gardner,13082784,OF,4400,NYY@BAL 08/06/2019 07:05PM ET,NYY,14,5.166666667
3B/OF,Brian Anderson (13082956),Brian Anderson,13082956,3B/OF,3800,MIA@NYM 08/06/2019 07:10PM ET,MIA,10,5.166666667
2B,Brian Dozier (13082971),Brian Dozier,13082971,2B,3700,WAS@SF 08/06/2019 09:45PM ET,WAS,10,5.166666667
OF,Brian Goodwin (13082851),Brian Goodwin,13082851,OF,4100,LAA@CIN 08/06/2019 07:10PM ET,LAA,14,5.166666667
C,Brian McCann (13083016),Brian McCann,13083016,C,3600,ATL@MIN 08/06/2019 08:10PM ET,ATL,11,5.166666667
2B,Brock Holt (13083103),Brock Holt,13083103,2B,3400,KC@BOS 08/06/2019 07:10PM ET,BOS,11,5.166666667
OF,Bryan Reynolds (13082723),Bryan Reynolds,13082723,OF,4700,MIL@PIT 08/06/2019 07:05PM ET,PIT,13,5.166666667
OF,Bryce Harper (13082777),Bryce Harper,13082777,OF,4400,PHI@ARI 08/06/2019 09:40PM ET,PHI,14,5.166666667
OF,Bubba Starling (13083166),Bubba Starling,13083166,OF,3300,KC@BOS 08/06/2019 07:10PM ET,KC,10,5.166666667
C,Buster Posey (13083044),Buster Posey,13083044,C,3500,WAS@SF 08/06/2019 09:45PM ET,SF,10,5.166666667
1B,C.J. Cron (13082802),C.J. Cron,13082802,1B,4300,ATL@MIN 08/06/2019 08:10PM ET,MIN,12,5.166666667
OF,Cameron Maybin (13082739),Cameron Maybin,13082739,OF,4600,NYY@BAL 08/06/2019 07:05PM ET,NYY,13,5.166666667
SS,Carlos Correa (13082771),Carlos Correa,13082771,SS,4400,COL@HOU 08/06/2019 08:10PM ET,HOU,12,5.166666667
1B,Carlos Santana (13082689),Carlos Santana,13082689,1B,5000,TEX@CLE 08/06/2019 07:10PM ET,CLE,14,5.166666667
2B/OF,Cavan Biggio (13082825),Cavan Biggio,13082825,2B/OF,4100,TOR@TB 08/06/2019 07:10PM ET,TOR,12,5.166666667
2B,Cesar Hernandez (13082941),Cesar Hernandez,13082941,2B,3800,PHI@ARI 08/06/2019 09:40PM ET,PHI,11,5.166666667
2B/OF,Chad Pinder (13083007),Chad Pinder,13083007,2B/OF,3600,OAK@CHC 08/06/2019 08:05PM ET,OAK,10,5.166666667
OF,Charlie Blackmon (13082687),Charlie Blackmon,13082687,OF,5300,COL@HOU 08/06/2019 08:10PM ET,COL,14,5.166666667
1B/OF,Charlie Culberson (13082949),Charlie Culberson,13082949,1B/OF,3800,ATL@MIN 08/06/2019 08:10PM ET,ATL,10,5.166666667
SP,Chase Anderson (13082654),Chase Anderson,13082654,P,6000,MIL@PIT 08/06/2019 07:05PM ET,MIL,13.2131,
1B/3B,Cheslor Cuthbert (13082893),Cheslor Cuthbert,13082893,1B/3B,4000,KC@BOS 08/06/2019 07:10PM ET,KC,12,5.166666667
C,Christian Vazquez (13082833),Christian Vazquez,13082833,C,4100,KC@BOS 08/06/2019 07:10PM ET,BOS,14,5.166666667
1B,Christian Walker (13082774),Christian Walker,13082774,1B,4400,PHI@ARI 08/06/2019 09:40PM ET,ARI,13,5.166666667
SP,Clayton Kershaw (13082631),Clayton Kershaw,13082631,P,11800,STL@LAD 08/06/2019 10:10PM ET,LAD,22.0068,
OF,Cody Bellinger (13082671),Cody Bellinger,13082671,OF,5500,STL@LAD 08/06/2019 10:10PM ET,LAD,16,5.166666667
3B,Colin Moran (13082928),Colin Moran,13082928,3B,3900,MIL@PIT 08/06/2019 07:05PM ET,PIT,11,5.166666667
SP,Conner Menez (13082645),Conner Menez,13082645,P,7200,WAS@SF 08/06/2019 09:45PM ET,SF,16.1229,
OF,Corey Dickerson (13082701),Corey Dickerson,13082701,OF,4900,PHI@ARI 08/06/2019 09:40PM ET,PHI,14,5.166666667
SS,Corey Seager (13082884),Corey Seager,13082884,SS,4000,STL@LAD 08/06/2019 10:10PM ET,LAD,12,5.166666667
1B,Daniel Murphy (13082779),Daniel Murphy,13082779,1B,4400,COL@HOU 08/06/2019 08:10PM ET,COL,11,5.166666667
1B,Daniel Vogelbach (13082815),Daniel Vogelbach,13082815,1B,4200,SD@SEA 08/06/2019 10:10PM ET,SEA,16,5.166666667
C,Danny Jansen (13083464),Danny Jansen,13083464,C,2900,TOR@TB 08/06/2019 07:10PM ET,TOR,8,5.166666667
1B/OF,Danny Santana (13082665),Danny Santana,13082665,1B/OF,5200,TEX@CLE 08/06/2019 07:10PM ET,TEX,14,5.166666667
2B/3B,David Bote (13082968),David Bote,13082968,2B/3B,3700,OAK@CHC 08/06/2019 08:05PM ET,CHC,10,5.166666667
3B/SS,David Fletcher (13082898),David Fletcher,13082898,3B/SS,4000,LAA@CIN 08/06/2019 07:10PM ET,LAA,11,5.166666667
OF,David Peralta (13082828),David Peralta,13082828,OF,4100,PHI@ARI 08/06/2019 09:40PM ET,ARI,13,5.166666667
3B,Dawel Lugo (13083670),Dawel Lugo,13083670,3B,2500,CWS@DET 08/06/2019 07:10PM ET,DET,11,5.166666667
OF,Delino DeShields (13082902),Delino DeShields,13082902,OF,4000,TEX@CLE 08/06/2019 07:10PM ET,TEX,10,5.166666667
OF,Dexter Fowler (13083116),Dexter Fowler,13083116,OF,3400,STL@LAD 08/06/2019 10:10PM ET,STL,10,5.166666667
SS,Didi Gregorius (13082691),Didi Gregorius,13082691,SS,5000,NYY@BAL 08/06/2019 07:05PM ET,NYY,16,5.166666667
SP,Dinelson Lamet (13082637),Dinelson Lamet,13082637,P,8500,SD@SEA 08/06/2019 10:10PM ET,SD,15.4711,
2B/3B,DJ LeMahieu (13082669),DJ LeMahieu,13082669,2B/3B,5600,NYY@BAL 08/06/2019 07:05PM ET,NYY,15,5.166666667
OF,DJ Stewart (13083436),DJ Stewart,13083436,OF,2900,NYY@BAL 08/06/2019 07:05PM ET,BAL,12,5.166666667
OF,Domingo Santana (13082892),Domingo Santana,13082892,OF,4000,SD@SEA 08/06/2019 10:10PM ET,SEA,14,5.166666667
SP,Drew VerHagen (13082659),Drew VerHagen,13082659,P,5200,CWS@DET 08/06/2019 07:10PM ET,DET,12.586,
C,Dustin Garneau (13083393),Dustin Garneau,13083393,C,3000,OAK@CHC 08/06/2019 08:05PM ET,OAK,9,5.166666667
OF/SS,Dylan Moore (13083236),Dylan Moore,13083236,SS/OF,3200,SD@SEA 08/06/2019 10:10PM ET,SEA,9,5.166666667
OF,Eddie Rosario (13082713),Eddie Rosario,13082713,OF,4800,ATL@MIN 08/06/2019 08:10PM ET,MIN,15,5.166666667
3B,Eduardo Escobar (13082700),Eduardo Escobar,13082700,3B,4900,PHI@ARI 08/06/2019 09:40PM ET,ARI,12,5.166666667
C,Elias Diaz (13083315),Elias Diaz,13083315,C,3100,MIL@PIT 08/06/2019 07:05PM ET,PIT,9,5.166666667
OF,Eloy Jimenez (13082991),Eloy Jimenez,13082991,OF,3700,CWS@DET 08/06/2019 07:10PM ET,CWS,14,5.166666667
SS,Elvis Andrus (13082797),Elvis Andrus,13082797,SS,4300,TEX@CLE 08/06/2019 07:10PM ET,TEX,11,5.166666667
OF,Ender Inciarte (13083020),Ender Inciarte,13083020,OF,3600,ATL@MIN 08/06/2019 08:10PM ET,ATL,10,5.166666667
1B,Eric Hosmer (13082814),Eric Hosmer,13082814,1B,4200,SD@SEA 08/06/2019 10:10PM ET,SD,14,5.166666667
2B,Eric Sogard (13082715),Eric Sogard,13082715,2B,4800,TOR@TB 08/06/2019 07:10PM ET,TB,11,5.166666667
SS,Erik Gonzalez (13083303),Erik Gonzalez,13083303,SS,3100,MIL@PIT 08/06/2019 07:05PM ET,PIT,8,5.166666667
3B,Eugenio Suarez (13082741),Eugenio Suarez,13082741,3B,4600,LAA@CIN 08/06/2019 07:10PM ET,CIN,16,5.166666667
3B,Evan Longoria (13082798),Evan Longoria,13082798,3B,4300,WAS@SF 08/06/2019 09:45PM ET,SF,9,5.166666667
SS,Fernando Tatis Jr. (13082680),Fernando Tatis Jr.,13082680,SS,5100,SD@SEA 08/06/2019 10:10PM ET,SD,18,5.166666667
SS,Francisco Lindor (13082667),Francisco Lindor,13082667,SS,5500,TEX@CLE 08/06/2019 07:10PM ET,CLE,15,5.166666667
OF,Franmil Reyes (13082846),Franmil Reyes,13082846,OF,4100,TEX@CLE 08/06/2019 07:10PM ET,CLE,15,5.166666667
1B,Freddie Freeman (13082720),Freddie Freeman,13082720,1B,4800,ATL@MIN 08/06/2019 08:10PM ET,ATL,14,5.166666667
SS,Freddy Galvis (13082901),Freddy Galvis,13082901,SS,4000,TOR@TB 08/06/2019 07:10PM ET,TOR,10,5.166666667
1B/OF,Garrett Cooper (13083098),Garrett Cooper,13083098,1B/OF,3400,MIA@NYM 08/06/2019 07:10PM ET,MIA,10,5.166666667
OF,George Springer (13082683),George Springer,13082683,OF,5200,COL@HOU 08/06/2019 08:10PM ET,HOU,14,5.166666667
1B/OF,Gerardo Parra (13082951),Gerardo Parra,13082951,1B/OF,3800,WAS@SF 08/06/2019 09:45PM ET,WAS,11,5.166666667
SP,German Marquez (13082635),German Marquez,13082635,P,9300,COL@HOU 08/06/2019 08:10PM ET,COL,13.0943,
2B/SS,Gleyber Torres (13082702),Gleyber Torres,13082702,2B/SS,5000,NYY@BAL 08/06/2019 07:05PM ET,NYY,16,5.166666667
2B/SS,Gordon Beckham (13083318),Gordon Beckham,13083318,2B/SS,3100,CWS@DET 08/06/2019 07:10PM ET,DET,10,5.166666667
2B/3B,Hanser Alberto (13083045),Hanser Alberto,13083045,2B/3B,3500,NYY@BAL 08/06/2019 07:05PM ET,BAL,10,5.166666667
2B/OF,Harold Castro (13083169),Harold Castro,13083169,2B/OF,3300,CWS@DET 08/06/2019 07:10PM ET,DET,12,5.166666667
SP,Hector Santiago (13082649),Hector Santiago,13082649,P,6700,CWS@DET 08/06/2019 07:10PM ET,CWS,12.2733,
3B,Hunter Dozier (13082717),Hunter Dozier,13082717,3B,4800,KC@BOS 08/06/2019 07:10PM ET,KC,14,5.166666667
OF,Hunter Pence (13082685),Hunter Pence,13082685,OF,4800,TEX@CLE 08/06/2019 07:10PM ET,TEX,12,5.166666667
OF,Hunter Renfroe (13082787),Hunter Renfroe,13082787,OF,4400,SD@SEA 08/06/2019 10:10PM ET,SD,16,5.166666667
OF,Ian Desmond (13082918),Ian Desmond,13082918,OF,3900,COL@HOU 08/06/2019 08:10PM ET,COL,10,5.166666667
2B/SS,Isan Diaz (13083451),Isan Diaz,13083451,2B/SS,2900,MIA@NYM 08/06/2019 07:10PM ET,MIA,13,5.166666667
3B/OF,J.D. Davis (13082807),J.D. Davis,13082807,3B/OF,4200,MIA@NYM 08/06/2019 07:10PM ET,NYM,14,5.166666667
OF,J.D. Martinez (13082682),J.D. Martinez,13082682,OF,5000,KC@BOS 08/06/2019 07:10PM ET,BOS,18,5.166666667
SS,J.P. Crawford (13082977),J.P. Crawford,13082977,SS,3700,SD@SEA 08/06/2019 10:10PM ET,SEA,12,5.166666667
C,J.T. Realmuto (13082758),J.T. Realmuto,13082758,C,4500,PHI@ARI 08/06/2019 09:40PM ET,PHI,12,5.166666667
OF,Jackie Bradley Jr. (13082943),Jackie Bradley Jr.,13082943,OF,3800,KC@BOS 08/06/2019 07:10PM ET,BOS,12,5.166666667
OF,JaCoby Jones (13083049),JaCoby Jones,13083049,OF,3500,CWS@DET 08/06/2019 07:10PM ET,DET,14,5.166666667
SP,Jake Arrieta (13082652),Jake Arrieta,13082652,P,6200,PHI@ARI 08/06/2019 09:40PM ET,PHI,13.4838,
1B/3B,Jake Lamb (13082837),Jake Lamb,13082837,1B/3B,4100,PHI@ARI 08/06/2019 09:40PM ET,ARI,10,5.166666667
SP,Jakob Junis (13082647),Jakob Junis,13082647,P,6900,KC@BOS 08/06/2019 07:10PM ET,KC,9.69482,
C,James McCann (13083013),James McCann,13083013,C,3600,CWS@DET 08/06/2019 07:10PM ET,CWS,10,5.166666667
OF,Jarrod Dyson (13082748),Jarrod Dyson,13082748,OF,4500,PHI@ARI 08/06/2019 09:40PM ET,ARI,12,5.166666667
OF,Jason Heyward (13082817),Jason Heyward,13082817,OF,4200,OAK@CHC 08/06/2019 08:05PM ET,CHC,13,5.166666667
2B,Jason Kipnis (13082753),Jason Kipnis,13082753,2B,4600,TEX@CLE 08/06/2019 07:10PM ET,CLE,12,5.166666667
SS,Javier Baez (13082695),Javier Baez,13082695,SS,5000,OAK@CHC 08/06/2019 08:05PM ET,CHC,14,5.166666667
SS,Jean Segura (13082835),Jean Segura,13082835,SS,4100,PHI@ARI 08/06/2019 09:40PM ET,PHI,12,5.166666667
2B/OF,Jeff McNeil (13082696),Jeff McNeil,13082696,2B/OF,4900,MIA@NYM 08/06/2019 07:10PM ET,NYM,14,5.166666667
1B,Jesus Aguilar (13082947),Jesus Aguilar,13082947,1B,3800,TOR@TB 08/06/2019 07:10PM ET,TB,12,5.166666667
1B,Ji-Man Choi (13082853),Ji-Man Choi,13082853,1B,4100,TOR@TB 08/06/2019 07:10PM ET,TB,14,5.166666667
1B/OF,Joc Pederson (13082890),Joc Pederson,13082890,1B/OF,4000,STL@LAD 08/06/2019 10:10PM ET,LAD,14,5.166666667
1B,Joey Votto (13082854),Joey Votto,13082854,1B,4100,LAA@CIN 08/06/2019 07:10PM ET,CIN,13,5.166666667
1B/C,John Hicks (13083521),John Hicks,13083521,C/1B,2800,CWS@DET 08/06/2019 07:10PM ET,DET,11,5.166666667
3B/OF,Jon Berti (13083017),Jon Berti,13083017,3B/OF,3600,MIA@NYM 08/06/2019 07:10PM ET,MIA,12,5.166666667
OF,Jon Jay (13083310),Jon Jay,13083310,OF,3100,CWS@DET 08/06/2019 07:10PM ET,CWS,11,5.166666667
SP,Jon Lester (13082640),Jon Lester,13082640,P,8200,OAK@CHC 08/06/2019 08:05PM ET,CHC,16.9003,
2B/SS,Jonathan Villar (13082751),Jonathan Villar,13082751,2B/SS,4500,NYY@BAL 08/06/2019 07:05PM ET,BAL,12,5.166666667
SS,Jordy Mercer (13083630),Jordy Mercer,13083630,SS,2600,CWS@DET 08/06/2019 07:10PM ET,DET,9,5.166666667
C,Jorge Alfaro (13083463),Jorge Alfaro,13083463,C,2900,MIA@NYM 08/06/2019 07:10PM ET,MIA,8,5.166666667
SS,Jorge Polanco (13082738),Jorge Polanco,13082738,SS,4600,ATL@MIN 08/06/2019 08:10PM ET,MIN,13,5.166666667
OF,Jorge Soler (13082735),Jorge Soler,13082735,OF,4700,KC@BOS 08/06/2019 07:10PM ET,KC,16,5.166666667
1B,Jose Abreu (13082948),Jose Abreu,13082948,1B,3800,CWS@DET 08/06/2019 07:10PM ET,CWS,14,5.166666667
2B,Jose Altuve (13082732),Jose Altuve,13082732,2B,4700,COL@HOU 08/06/2019 08:10PM ET,HOU,14,5.166666667
SP,Jose Berrios (13082632),Jose Berrios,13082632,P,11000,ATL@MIN 08/06/2019 08:10PM ET,MIN,16.1636,
SS,Jose Iglesias (13082984),Jose Iglesias,13082984,SS,3700,LAA@CIN 08/06/2019 07:10PM ET,CIN,10,5.166666667
OF,Jose Martinez (13083171),Jose Martinez,13083171,OF,3300,STL@LAD 08/06/2019 10:10PM ET,STL,11,5.166666667
1B/3B,Jose Osuna (13082704),Jose Osuna,13082704,1B/3B,4900,MIL@PIT 08/06/2019 07:05PM ET,PIT,14,5.166666667
2B/SS,Jose Peraza (13083449),Jose Peraza,13083449,2B/SS,2900,LAA@CIN 08/06/2019 07:10PM ET,CIN,10,5.166666667
3B,Jose Ramirez (13082714),Jose Ramirez,13082714,3B,4800,TEX@CLE 08/06/2019 07:10PM ET,CLE,14,5.166666667
SP,Jose Suarez (13082651),Jose Suarez,13082651,P,6400,LAA@CIN 08/06/2019 07:10PM ET,LAA,13.8839,
C,Jose Trevino (13083403),Jose Trevino,13083403,C,3000,TEX@CLE 08/06/2019 07:10PM ET,TEX,5,5.166666667
3B,Josh Donaldson (13082816),Josh Donaldson,13082816,3B,4200,ATL@MIN 08/06/2019 08:10PM ET,ATL,14,5.166666667
OF,Josh Naylor (13083107),Josh Naylor,13083107,OF,3400,SD@SEA 08/06/2019 10:10PM ET,SD,12,5.166666667
OF,Josh Reddick (13083308),Josh Reddick,13083308,OF,3100,COL@HOU 08/06/2019 08:10PM ET,HOU,10,5.166666667
OF,Juan Lagares (13083752),Juan Lagares,13083752,OF,2200,MIA@NYM 08/06/2019 07:10PM ET,NYM,7,5.166666667
OF,Juan Soto (13082719),Juan Soto,13082719,OF,4800,WAS@SF 08/06/2019 09:45PM ET,WAS,14,5.166666667
3B,Justin Turner (13082783),Justin Turner,13082783,3B,4400,STL@LAD 08/06/2019 10:10PM ET,LAD,13,5.166666667
OF,Justin Upton (13082980),Justin Upton,13082980,OF,3700,LAA@CIN 08/06/2019 07:10PM ET,LAA,14,5.166666667
OF,Keon Broxton (13083394),Keon Broxton,13083394,OF,3000,SD@SEA 08/06/2019 10:10PM ET,SEA,9,5.166666667
2B,Keston Hiura (13082690),Keston Hiura,13082690,2B,5200,MIL@PIT 08/06/2019 07:05PM ET,MIL,15,5.166666667
2B/OF,Ketel Marte (13082677),Ketel Marte,13082677,2B/OF,5300,PHI@ARI 08/06/2019 09:40PM ET,ARI,13,5.166666667
OF,Kevin Kiermaier (13082883),Kevin Kiermaier,13082883,OF,4000,TOR@TB 08/06/2019 07:10PM ET,TB,12,5.166666667
OF,Kevin Pillar (13083010),Kevin Pillar,13083010,OF,3600,WAS@SF 08/06/2019 09:45PM ET,SF,9,5.166666667
C,Kevin Plawecki (13083227),Kevin Plawecki,13083227,C,3200,TEX@CLE 08/06/2019 07:10PM ET,CLE,9,5.166666667
3B/OF,Kris Bryant (13082769),Kris Bryant,13082769,3B/OF,4400,OAK@CHC 08/06/2019 08:05PM ET,CHC,13,5.166666667
2B/OF,Kristopher Negron (13083155),Kristopher Negron,13083155,2B/OF,3300,STL@LAD 08/06/2019 10:10PM ET,LAD,9,5.166666667
C,Kurt Suzuki (13082983),Kurt Suzuki,13082983,C,3700,WAS@SF 08/06/2019 09:45PM ET,WAS,11,5.166666667
3B,Kyle Seager (13082990),Kyle Seager,13082990,3B,3700,SD@SEA 08/06/2019 10:10PM ET,SEA,12,5.166666667
OF/SS,Leury Garcia (13082886),Leury Garcia,13082886,SS/OF,4000,CWS@DET 08/06/2019 07:10PM ET,CWS,12,5.166666667
OF,Lewis Brinson (13083705),Lewis Brinson,13083705,OF,2400,MIA@NYM 08/06/2019 07:10PM ET,MIA,8,5.166666667
1B/3B,Logan Forsythe (13082919),Logan Forsythe,13082919,1B/3B,3900,TEX@CLE 08/06/2019 07:10PM ET,TEX,9,5.166666667
OF,Lorenzo Cain (13082850),Lorenzo Cain,13082850,OF,4100,MIL@PIT 08/06/2019 07:05PM ET,MIL,13,5.166666667
OF,Lourdes Gurriel Jr. (13082761),Lourdes Gurriel Jr.,13082761,OF,4500,TOR@TB 08/06/2019 07:10PM ET,TOR,12,5.166666667
2B/3B,Luis Arraez (13082878),Luis Arraez,13082878,2B/3B,4000,ATL@MIN 08/06/2019 08:10PM ET,MIN,11,5.166666667
SS,Luis Guillorme (13083621),Luis Guillorme,13083621,SS,2600,MIA@NYM 08/06/2019 07:10PM ET,NYM,9,5.166666667
2B/SS,Luis Rengifo (13083221),Luis Rengifo,13083221,2B/SS,3200,LAA@CIN 08/06/2019 07:10PM ET,LAA,10,5.166666667
2B,Luis Urias (13083577),Luis Urias,13083577,2B,2700,SD@SEA 08/06/2019 10:10PM ET,SD,12,5.166666667
OF,Mallex Smith (13082967),Mallex Smith,13082967,OF,3700,SD@SEA 08/06/2019 10:10PM ET,SEA,13,5.166666667
3B/SS,Manny Machado (13082775),Manny Machado,13082775,3B/SS,4400,SD@SEA 08/06/2019 10:10PM ET,SD,16,5.166666667
C,Manny Pina (13083093),Manny Pina,13083093,C,3400,MIL@PIT 08/06/2019 07:05PM ET,MIL,8,5.166666667
OF,Manuel Margot (13082970),Manuel Margot,13082970,OF,3700,SD@SEA 08/06/2019 10:10PM ET,SD,11,5.166666667
OF,Marcell Ozuna (13082824),Marcell Ozuna,13082824,OF,4100,STL@LAD 08/06/2019 10:10PM ET,STL,14,5.166666667
SS,Marcus Semien (13082800),Marcus Semien,13082800,SS,4300,OAK@CHC 08/06/2019 08:05PM ET,OAK,12,5.166666667
1B/OF,Mark Canha (13082848),Mark Canha,13082848,1B/OF,4100,OAK@CHC 08/06/2019 08:05PM ET,OAK,13,5.166666667
3B/OF,Marwin Gonzalez (13083014),Marwin Gonzalez,13083014,3B/OF,3600,ATL@MIN 08/06/2019 08:10PM ET,MIN,10,5.166666667
1B,Matt Adams (13082796),Matt Adams,13082796,1B,4300,WAS@SF 08/06/2019 09:45PM ET,WAS,12,5.166666667
1B/OF,Matt Beaty (13082874),Matt Beaty,13082874,1B/OF,4000,STL@LAD 08/06/2019 10:10PM ET,LAD,10,5.166666667
3B,Matt Carpenter (13083115),Matt Carpenter,13083115,3B,3400,STL@LAD 08/06/2019 10:10PM ET,STL,10,5.166666667
3B,Matt Chapman (13082913),Matt Chapman,13082913,3B,3900,OAK@CHC 08/06/2019 08:05PM ET,OAK,14,5.166666667
3B,Matt Duffy (13083047),Matt Duffy,13083047,3B,3500,TOR@TB 08/06/2019 07:10PM ET,TB,9,5.166666667
OF,Matt Joyce (13083230),Matt Joyce,13083230,OF,3200,ATL@MIN 08/06/2019 08:10PM ET,ATL,9,5.166666667
1B,Matt Olson (13082888),Matt Olson,13082888,1B,4000,OAK@CHC 08/06/2019 08:05PM ET,OAK,16,5.166666667
1B/3B,Matt Skole (13083151),Matt Skole,13083151,1B/3B,3300,CWS@DET 08/06/2019 07:10PM ET,CWS,12,5.166666667
1B/3B,Matt Thaiss (13082922),Matt Thaiss,13082922,1B/3B,3900,LAA@CIN 08/06/2019 07:10PM ET,LAA,12,5.166666667
OF,Max Kepler (13082674),Max Kepler,13082674,OF,5400,ATL@MIN 08/06/2019 08:10PM ET,MIN,15,5.166666667
1B/2B,Max Muncy (13082724),Max Muncy,13082724,1B/2B,4700,STL@LAD 08/06/2019 10:10PM ET,LAD,16,5.166666667
C,Max Stassi (13083781),Max Stassi,13083781,C,2100,LAA@CIN 08/06/2019 07:10PM ET,LAA,7,5.166666667
C,Meibrys Viloria (13083165),Meibrys Viloria,13083165,C,3300,KC@BOS 08/06/2019 07:10PM ET,KC,9,5.166666667
OF,Michael Brantley (13082795),Michael Brantley,13082795,OF,4300,COL@HOU 08/06/2019 08:10PM ET,HOU,13,5.166666667
1B/2B,Michael Chavis (13082756),Michael Chavis,13082756,1B/2B,4500,KC@BOS 08/06/2019 07:10PM ET,BOS,13,5.166666667
1B,Miguel Cabrera (13083090),Miguel Cabrera,13083090,1B,3400,CWS@DET 08/06/2019 07:10PM ET,DET,12,5.166666667
SS,Miguel Rojas (13083101),Miguel Rojas,13083101,SS,3400,MIA@NYM 08/06/2019 07:10PM ET,MIA,8,5.166666667
3B,Miguel Sano (13082729),Miguel Sano,13082729,3B,4700,ATL@MIN 08/06/2019 08:10PM ET,MIN,14,5.166666667
SP,Mike Foltynewicz (13084084),Mike Foltynewicz,13084084,P,6400,ATL@MIN 08/06/2019 08:10PM ET,ATL,11.1018,
1B,Mike Ford (13082916),Mike Ford,13082916,1B,3900,NYY@BAL 08/06/2019 07:05PM ET,NYY,16,5.166666667
SP,Mike Leake (13082638),Mike Leake,13082638,P,8400,PHI@ARI 08/06/2019 09:40PM ET,ARI,12.2898,
2B/3B,Mike Moustakas (13082785),Mike Moustakas,13082785,2B/3B,4500,MIL@PIT 08/06/2019 07:05PM ET,MIL,15,5.166666667
OF,Mike Tauchman (13082750),Mike Tauchman,13082750,OF,4500,NYY@BAL 08/06/2019 07:05PM ET,NYY,13,5.166666667
OF,Mike Trout (13082668),Mike Trout,13082668,OF,5700,LAA@CIN 08/06/2019 07:10PM ET,LAA,18,5.166666667
OF,Mike Yastrzemski (13082799),Mike Yastrzemski,13082799,OF,4300,WAS@SF 08/06/2019 09:45PM ET,SF,12,5.166666667
SP,Miles Mikolas (13082646),Miles Mikolas,13082646,P,7000,STL@LAD 08/06/2019 10:10PM ET,STL,11.3797,
C,Mitch Garver (13082672),Mitch Garver,13082672,C,5300,ATL@MIN 08/06/2019 08:10PM ET,MIN,14,5.166666667
1B,Mitch Moreland (13082842),Mitch Moreland,13082842,1B,4100,KC@BOS 08/06/2019 07:10PM ET,BOS,13,5.166666667
OF,Mookie Betts (13082673),Mookie Betts,13082673,OF,5300,KC@BOS 08/06/2019 07:10PM ET,BOS,17,5.166666667
OF,Nelson Cruz (13082663),Nelson Cruz,13082663,OF,5900,ATL@MIN 08/06/2019 08:10PM ET,MIN,16,5.166666667
OF,Nicholas Castellanos (13082973),Nicholas Castellanos,13082973,OF,3700,OAK@CHC 08/06/2019 08:05PM ET,CHC,12,5.166666667
SS,Nick Ahmed (13082873),Nick Ahmed,13082873,SS,4000,PHI@ARI 08/06/2019 09:40PM ET,ARI,10,5.166666667
OF,Nick Senzel (13082827),Nick Senzel,13082827,OF,4100,LAA@CIN 08/06/2019 07:10PM ET,CIN,12,5.166666667
2B,Nicky Lopez (13083401),Nicky Lopez,13083401,2B,3000,KC@BOS 08/06/2019 07:10PM ET,KC,11,5.166666667
3B,Nolan Arenado (13082782),Nolan Arenado,13082782,3B,4400,COL@HOU 08/06/2019 08:10PM ET,COL,12,5.166666667
OF,Nomar Mazara (13082749),Nomar Mazara,13082749,OF,4500,TEX@CLE 08/06/2019 07:10PM ET,TEX,13,5.166666667
C,Omar Narvaez (13082955),Omar Narvaez,13082955,C,3800,SD@SEA 08/06/2019 10:10PM ET,SEA,12,5.166666667
SS,Orlando Arcia (13083173),Orlando Arcia,13083173,SS,3300,MIL@PIT 08/06/2019 07:05PM ET,MIL,10,5.166666667
OF,Oscar Mercado (13082706),Oscar Mercado,13082706,OF,4900,TEX@CLE 08/06/2019 07:10PM ET,CLE,14,5.166666667
2B,Ozzie Albies (13082831),Ozzie Albies,13082831,2B,4200,ATL@MIN 08/06/2019 08:10PM ET,ATL,13,5.166666667
2B/OF,Pablo Reyes (13083456),Pablo Reyes,13083456,2B/OF,2900,MIL@PIT 08/06/2019 07:05PM ET,PIT,11,5.166666667
SS,Paul DeJong (13082912),Paul DeJong,13082912,SS,3900,STL@LAD 08/06/2019 10:10PM ET,STL,11,5.166666667
1B,Paul Goldschmidt (13082870),Paul Goldschmidt,13082870,1B,4000,STL@LAD 08/06/2019 10:10PM ET,STL,14,5.166666667
C,Pedro Severino (13082982),Pedro Severino,13082982,C,3700,NYY@BAL 08/06/2019 07:05PM ET,BAL,10,5.166666667
1B,Pete Alonso (13082722),Pete Alonso,13082722,1B,4700,MIA@NYM 08/06/2019 07:10PM ET,NYM,17,5.166666667
OF,Phillip Ervin (13082938),Phillip Ervin,13082938,OF,3800,LAA@CIN 08/06/2019 07:10PM ET,CIN,12,5.166666667
3B,Rafael Devers (13082676),Rafael Devers,13082676,3B,5400,KC@BOS 08/06/2019 07:10PM ET,BOS,18,5.166666667
OF,Raimel Tapia (13083043),Raimel Tapia,13083043,OF,3500,COL@HOU 08/06/2019 08:10PM ET,COL,10,5.166666667
OF,Randal Grichuk (13082946),Randal Grichuk,13082946,OF,3800,TOR@TB 08/06/2019 07:10PM ET,TOR,10,5.166666667
1B/3B,Renato Nunez (13082857),Renato Nunez,13082857,1B/3B,4100,NYY@BAL 08/06/2019 07:05PM ET,BAL,14,5.166666667
1B,Rhys Hoskins (13082759),Rhys Hoskins,13082759,1B,4500,PHI@ARI 08/06/2019 09:40PM ET,PHI,15,5.166666667
SS,Richie Martin (13083628),Richie Martin,13083628,SS,2600,NYY@BAL 08/06/2019 07:05PM ET,BAL,7,5.166666667
OF,Robbie Grossman (13083149),Robbie Grossman,13083149,OF,3300,OAK@CHC 08/06/2019 08:05PM ET,OAK,8,5.166666667
C,Robinson Chirinos (13082989),Robinson Chirinos,13082989,C,3700,COL@HOU 08/06/2019 08:10PM ET,HOU,9,5.166666667
OF,Ronald Acuna Jr. (13082692),Ronald Acuna Jr.,13082692,OF,5000,ATL@MIN 08/06/2019 08:10PM ET,ATL,15,5.166666667
2B,Rougned Odor (13082755),Rougned Odor,13082755,2B,4500,TEX@CLE 08/06/2019 07:10PM ET,TEX,14,5.166666667
OF,Ryan Braun (13082733),Ryan Braun,13082733,OF,4700,MIL@PIT 08/06/2019 07:05PM ET,MIL,14,5.166666667
3B/SS,Ryan Goins (13083306),Ryan Goins,13083306,3B/SS,3100,CWS@DET 08/06/2019 07:10PM ET,CWS,12,5.166666667
2B,Ryan McMahon (13082882),Ryan McMahon,13082882,2B,4000,COL@HOU 08/06/2019 08:10PM ET,COL,10,5.166666667
1B,Ryan O'Hearn (13083317),Ryan O'Hearn,13083317,1B,3100,KC@BOS 08/06/2019 07:10PM ET,KC,14,5.166666667
SP,Ryan Yarbrough (13082642),Ryan Yarbrough,13082642,P,7800,TOR@TB 08/06/2019 07:10PM ET,TB,15.4022,
2B,Scooter Gennett (13083316),Scooter Gennett,13083316,2B,3100,WAS@SF 08/06/2019 09:45PM ET,SF,10,5.166666667
3B/OF,Scott Kingery (13082780),Scott Kingery,13082780,3B/OF,4400,PHI@ARI 08/06/2019 09:40PM ET,PHI,11,5.166666667
OF,Shin-soo Choo (13082716),Shin-soo Choo,13082716,OF,4800,TEX@CLE 08/06/2019 07:10PM ET,TEX,14,5.166666667
2B,Starlin Castro (13083468),Starlin Castro,13083468,2B,2900,MIA@NYM 08/06/2019 07:10PM ET,MIA,8,5.166666667
OF,Starling Marte (13082675),Starling Marte,13082675,OF,5300,MIL@PIT 08/06/2019 07:05PM ET,PIT,14,5.166666667
OF,Stephen Piscotty (13083143),Stephen Piscotty,13083143,OF,3300,OAK@CHC 08/06/2019 08:05PM ET,OAK,10,5.166666667
C,Stephen Vogt (13082810),Stephen Vogt,13082810,C,4200,WAS@SF 08/06/2019 09:45PM ET,SF,11,5.166666667
SP,Steven Brault (13082660),Steven Brault,13082660,P,4800,MIL@PIT 08/06/2019 07:05PM ET,PIT,12.1006,
OF,Stevie Wilkerson (13083052),Stevie Wilkerson,13083052,OF,3500,NYY@BAL 08/06/2019 07:05PM ET,BAL,8,5.166666667
OF,Teoscar Hernandez (13082945),Teoscar Hernandez,13082945,OF,3800,TOR@TB 08/06/2019 07:10PM ET,TOR,10,5.166666667
3B,Todd Frazier (13082885),Todd Frazier,13082885,3B,4000,MIA@NYM 08/06/2019 07:10PM ET,NYM,14,5.166666667
2B/3B,Tommy Edman (13082985),Tommy Edman,13082985,2B/3B,3700,STL@LAD 08/06/2019 10:10PM ET,STL,8,5.166666667
C,Tony Wolters (13083469),Tony Wolters,13083469,C,2900,COL@HOU 08/06/2019 08:10PM ET,COL,7,5.166666667
1B/C,Travis d'Arnaud (13082710),Travis d'Arnaud,13082710,C/1B,4800,TOR@TB 08/06/2019 07:10PM ET,TB,14,5.166666667
OF,Travis Demeritte (13083100),Travis Demeritte,13083100,OF,3400,CWS@DET 08/06/2019 07:10PM ET,DET,14,5.166666667
SS,Trea Turner (13082734),Trea Turner,13082734,SS,4700,WAS@SF 08/06/2019 09:45PM ET,WAS,14,5.166666667
OF,Trent Grisham (13083108),Trent Grisham,13083108,OF,3400,MIL@PIT 08/06/2019 07:05PM ET,MIL,14,5.166666667
SP,Trent Thornton (13082658),Trent Thornton,13082658,P,5400,TOR@TB 08/06/2019 07:10PM ET,TOR,10.8294,
SS,Trevor Story (13082694),Trevor Story,13082694,SS,5000,COL@HOU 08/06/2019 08:10PM ET,COL,14,5.166666667
1B/OF,Trey Mancini (13082730),Trey Mancini,13082730,1B/OF,4700,NYY@BAL 08/06/2019 07:05PM ET,BAL,14,5.166666667
C,Tucker Barnhart (13083168),Tucker Barnhart,13083168,C,3300,LAA@CIN 08/06/2019 07:10PM ET,CIN,9,5.166666667
OF,Tyler Naquin (13082881),Tyler Naquin,13082881,OF,4000,TEX@CLE 08/06/2019 07:10PM ET,CLE,12,5.166666667
C,Victor Caratini (13082921),Victor Caratini,13082921,C,3900,OAK@CHC 08/06/2019 08:05PM ET,CHC,9,5.166666667
OF,Victor Robles (13082975),Victor Robles,13082975,OF,3700,WAS@SF 08/06/2019 09:45PM ET,WAS,10,5.166666667
3B,Vladimir Guerrero Jr. (13082778),Vladimir Guerrero Jr.,13082778,3B,4400,TOR@TB 08/06/2019 07:10PM ET,TOR,13,5.166666667
SP,Wade LeBlanc (13082657),Wade LeBlanc,13082657,P,5600,SD@SEA 08/06/2019 10:10PM ET,SEA,11.5631,
2B/OF,Whit Merrifield (13082698),Whit Merrifield,13082698,2B/OF,5100,KC@BOS 08/06/2019 07:10PM ET,KC,14,5.166666667
OF,Wil Myers (13082942),Wil Myers,13082942,OF,3800,SD@SEA 08/06/2019 10:10PM ET,SD,14,5.166666667
C,Will Smith (13082821),Will Smith,13082821,C,4100,STL@LAD 08/06/2019 10:10PM ET,LAD,14,5.166666667
SS,Willy Adames (13082917),Willy Adames,13082917,SS,3900,TOR@TB 08/06/2019 07:10PM ET,TB,10,5.166666667
C,Wilson Ramos (13082914),Wilson Ramos,13082914,C,3900,MIA@NYM 08/06/2019 07:10PM ET,NYM,12,5.166666667
OF,Yasiel Puig (13082768),Yasiel Puig,13082768,OF,4400,TEX@CLE 08/06/2019 07:10PM ET,CLE,14,5.166666667
C,Yasmani Grandal (13082809),Yasmani Grandal,13082809,C,4200,MIL@PIT 08/06/2019 07:05PM ET,MIL,12,5.166666667
2B,Yolmer Sanchez (13083448),Yolmer Sanchez,13083448,2B,2900,CWS@DET 08/06/2019 07:10PM ET,CWS,10,5.166666667
1B,Yonder Alonso (13083312),Yonder Alonso,13083312,1B,3100,COL@HOU 08/06/2019 08:10PM ET,COL,8,5.166666667
OF,Yordan Alvarez (13082679),Yordan Alvarez,13082679,OF,5100,COL@HOU 08/06/2019 08:10PM ET,HOU,16,5.166666667
1B/3B,Yuli Gurriel (13082871),Yuli Gurriel,13082871,1B/3B,4000,COL@HOU 08/06/2019 08:10PM ET,HOU,11,5.166666667
SP,Zach Plesac (13082643),Zach Plesac,13082643,P,7700,TEX@CLE 08/06/2019 07:10PM ET,CLE,14.5978,
SP,Zack Greinke (13082634),Zack Greinke,13082634,P,9800,COL@HOU 08/06/2019 08:10PM ET,HOU,18.6661,
SP,Zack Wheeler (13082633),Zack Wheeler,13082633,P,10600,MIA@NYM 08/06/2019 07:10PM ET,NYM,25.261,