Id,Position,First Name,Nickname,Last Name,FPPG,Played,Salary,Game,Team,Opponent,Injury Indicator,Injury Details,Tier,Probable Pitcher,Batting Order,Max Exposure,Min Exposure,Ownership,name,projection
37450-60643,OF,Aaron,Aaron Judge,Judge,15.9959,57,4100,NYY@BAL,NYY,BAL,,,,,2,5.535714286,,,Aaron Judge,15.9959
37450-38117,OF,Adam,Adam Duvall,Duvall,10.3196,10,3200,ATL@MIN,ATL,MIN,,,,,6,5.535714286,,,Adam Duvall,10.3196
37450-70898,2B,Adam,Adam Frazier,Frazier,10.5526,104,2500,MIL@PIT,PIT,MIL,,,,,,5.535714286,,,Adam Frazier,10.5526
37450-82626,OF,Adam,Adam Haseley,Haseley,9.95382,22,2500,PHI@ARI,PHI,ARI,,,,,,5.535714286,,,Adam Haseley,9.95382
37450-13060,2B,Adeiny,Adeiny Hechavarria,Hechavarria,8.0683,58,2100,MIA@NYM,NYM,MIA,,,,,7,5.535714286,,,Adeiny Hechavarria,8.0683
37450-38276,OF,Albert,Albert Almora Jr.,Almora Jr.,8.4958,107,2600,OAK@CHC,CHC,OAK,,,,,6,5.535714286,,,Albert Almora Jr.,8.4958
37450-5177,1B,Albert,Albert Pujols,Pujols,9.82008,89,2800,LAA@CIN,LAA,CIN,,,,,5,5.535714286,,,Albert Pujols,9.82008
37450-5122,C,Alex,Alex Avila,Avila,9.3506,38,2700,PHI@ARI,ARI,PHI,,,,,8,5.535714286,,,Alex Avila,9.3506
37450-68522,3B,Alex,Alex Bregman,Bregman,11.9088,109,3900,COL@HOU,HOU,COL,,,,,4,5.535714286,,,Alex Bregman,11.9088
37450-5135,OF,Alex,Alex Gordon,Gordon,11.983,108,2700,KAN@BOS,KAN,BOS,,,,,2,5.535714286,,,Alex Gordon,11.983
37450-68495,OF,Andrew,Andrew Benintendi,Benintendi,13.5067,100,3700,KAN@BOS,BOS,KAN,,,,,4,5.535714286,,,Andrew Benintendi,13.5067
37450-12269,P,Andrew,Andrew Cashner,Cashner,23.5534,21,7100,KAN@BOS,BOS,KAN,,,,Yes,,,,,Andrew Cashner,23.5534
37450-102411,C,Andrew,Andrew Knizner,Knizner,6.99894,11,2400,STL@LOS,STL,LOS,,,,,,5.535714286,,,Andrew Knizner,6.99894
37450-6151,P,Anibal,Anibal Sanchez,Sanchez,34.4362,20,7700,WAS@SFG,WAS,SFG,,,,Yes,,,,,Anibal Sanchez,34.4362
37450-53607,P,Anthony,Anthony DeSclafani,DeSclafani,30.6758,21,7900,LAA@CIN,CIN,LAA,,,,Yes,,,,,Anthony DeSclafani,30.6758
37450-16951,3B,Anthony,Anthony Rendon,Rendon,11.9303,98,4400,WAS@SFG,WAS,SFG,,,,,,5.535714286,,,Anthony Rendon,11.9303
37450-12940,1B,Anthony,Anthony Rizzo,Rizzo,12.2662,108,4100,OAK@CHC,CHC,OAK,,,,,4,5.535714286,,,Anthony Rizzo,12.2662
37450-79884,OF,Anthony,Anthony Santander,Santander,9.87494,51,3100,NYY@BAL,BAL,NYY,,,,,3,5.535714286,,,Anthony Santander,9.87494
37450-79268,P,Ariel,Ariel Jurado,Jurado,18.1098,23,5800,TEX@CLE,TEX,CLE,,,,Yes,,,,,Ariel Jurado,18.1098
37450-83186,OF,Aristides,Aristides Aquino,Aquino,12.5348,5,2300,LAA@CIN,CIN,LAA,,,,,4,5.535714286,,,Aristides Aquino,12.5348
37450-54445,P,Asher,Asher Wojciechowski,Wojciechowski,21.9762,7,7200,NYY@BAL,BAL,NYY,,,,Yes,,,,,Asher Wojciechowski,21.9762
37450-38004,C,Austin,Austin Hedges,Hedges,8.51892,71,2300,SDP@SEA,SDP,SEA,,,,,,5.535714286,,,Austin Hedges,8.51892
37450-52180,OF,Austin,Austin Meadows,Meadows,12.4349,91,4100,TOR@TAM,TAM,TOR,,,,,3,5.535714286,,,Austin Meadows,12.4349
37450-109803,2B,Austin,Austin Nola,Nola,9.00446,35,2700,SDP@SEA,SEA,SDP,,,,,,5.535714286,,,Austin Nola,9.00446
37450-13009,C,Austin,Austin Romine,Romine,9.582,47,2500,NYY@BAL,NYY,BAL,,,,,8,5.535714286,,,Austin Romine,9.582
37450-12985,OF,Avisail,Avisail Garcia,Garcia,9.85898,94,3000,TOR@TAM,TAM,TOR,,,,,6,5.535714286,,,Avisail Garcia,9.85898
37450-82654,SS,Bo,Bo Bichette,Bichette,9.92,8,3600,TOR@TAM,TOR,TAM,,,,,1,5.535714286,,,Bo Bichette,9.92
37450-12900,1B,Brandon,Brandon Belt,Belt,9.98474,109,3000,WAS@SFG,SFG,WAS,,,,,,5.535714286,,,Brandon Belt,9.98474
37450-12961,SS,Brandon,Brandon Crawford,Crawford,7.66738,103,2700,WAS@SFG,SFG,WAS,,,,,,5.535714286,,,Brandon Crawford,7.66738
37450-21172,OF,Brandon,Brandon Drury,Drury,7.18786,86,2400,TOR@TAM,TOR,TAM,,,,,8,5.535714286,,,Brandon Drury,7.18786
37450-5416,P,Brett,Brett Anderson,Anderson,21.1108,22,6700,OAK@CHC,OAK,CHC,,,,Yes,,,,,Brett Anderson,21.1108
37450-5948,OF,Brett,Brett Gardner,Gardner,12.037,97,3100,NYY@BAL,NYY,BAL,,,,,5,5.535714286,,,Brett Gardner,12.037
37450-68531,3B,Brian,Brian Anderson,Anderson,9.3622,110,3300,MIA@NYM,MIA,NYM,,,,,4,5.535714286,,,Brian Anderson,9.3622
37450-13096,2B,Brian,Brian Dozier,Dozier,9.75652,105,2600,WAS@SFG,WAS,SFG,,,,,,5.535714286,,,Brian Dozier,9.75652
37450-52197,OF,Brian,Brian Goodwin,Goodwin,11.6274,91,2500,LAA@CIN,LAA,CIN,,,,,3,5.535714286,,,Brian Goodwin,11.6274
37450-5243,C,Brian,Brian McCann,McCann,9.58554,65,2500,ATL@MIN,ATL,MIN,,,,,5,5.535714286,,,Brian McCann,9.58554
37450-13685,2B,Brock,Brock Holt,Holt,10.39,51,2300,KAN@BOS,BOS,KAN,,,,,5,5.535714286,,,Brock Holt,10.39
37450-79230,OF,Bryan,Bryan Reynolds,Reynolds,11.4155,89,3400,MIL@PIT,PIT,MIL,,,,,,5.535714286,,,Bryan Reynolds,11.4155
37450-12948,OF,Bryce,Bryce Harper,Harper,12.6489,111,4100,PHI@ARI,PHI,ARI,,,,,,5.535714286,,,Bryce Harper,12.6489
37450-16955,OF,Bubba,Bubba Starling,Starling,9.42552,19,2400,KAN@BOS,KAN,BOS,,,,,7,5.535714286,,,Bubba Starling,9.42552
37450-6292,C,Buster,Buster Posey,Posey,8.79856,83,2800,WAS@SFG,SFG,WAS,,,,,,5.535714286,,,Buster Posey,8.79856
37450-38965,1B,C.J.,C.J. Cron,Cron,9.8436,85,3400,ATL@MIN,MIN,ATL,,,,,9,5.535714286,,,C.J. Cron,9.8436
37450-6047,OF,Cameron,Cameron Maybin,Maybin,11.0622,49,2800,NYY@BAL,NYY,BAL,,,,,6,5.535714286,,,Cameron Maybin,11.0622
37450-38614,SS,Carlos,Carlos Correa,Correa,10.4679,59,3700,COL@HOU,HOU,COL,,,,,6,5.535714286,,,Carlos Correa,10.4679
37450-12310,1B,Carlos,Carlos Santana,Santana,12.1133,109,3900,TEX@CLE,CLE,TEX,,,,,3,5.535714286,,,Carlos Santana,12.1133
37450-85277,2B,Cavan,Cavan Biggio,Biggio,9.83844,58,3300,TOR@TAM,TOR,TAM,,,,,2,5.535714286,,,Cavan Biggio,9.83844
37450-13354,2B,Cesar,Cesar Hernandez,Hernandez,9.44822,111,3000,PHI@ARI,PHI,ARI,,,,,,5.535714286,,,Cesar Hernandez,9.44822
37450-68478,OF,Chad,Chad Pinder,Pinder,8.7478,84,2800,OAK@CHC,OAK,CHC,,,,,5,5.535714286,,,Chad Pinder,8.7478
37450-13229,OF,Charlie,Charlie Blackmon,Blackmon,11.5469,93,4100,COL@HOU,COL,HOU,,,,,1,5.535714286,,,Charlie Blackmon,11.5469
37450-13034,SS,Charlie,Charlie Culberson,Culberson,8.2387,83,2000,ATL@MIN,ATL,MIN,,,,,8,5.535714286,,,Charlie Culberson,8.2387
37450-38161,P,Chase,Chase Anderson,Anderson,26.1092,22,6900,MIL@PIT,MIL,PIT,,,,Yes,,,,,Chase Anderson,26.1092
37450-38592,1B,Cheslor,Cheslor Cuthbert,Cuthbert,11.0878,55,2900,KAN@BOS,KAN,BOS,,,,,5,5.535714286,,,Cheslor Cuthbert,11.0878
37450-13858,C,Christian,Christian Vazquez,Vazquez,11.611,96,2900,KAN@BOS,BOS,KAN,,,,,6,5.535714286,,,Christian Vazquez,11.611
37450-38218,1B,Christian,Christian Walker,Walker,11.2293,105,3300,PHI@ARI,ARI,PHI,,,,,5,5.535714286,,,Christian Walker,11.2293
37450-5427,P,Clayton,Clayton Kershaw,Kershaw,38.948,19,11300,STL@LOS,LOS,STL,,,,Yes,,,,,Clayton Kershaw,38.948
37450-79159,OF,Cody,Cody Bellinger,Bellinger,13.9003,110,4800,STL@LOS,LOS,STL,,,,,,5.535714286,,,Cody Bellinger,13.9003
37450-52168,3B,Colin,Colin Moran,Moran,9.76632,107,2700,MIL@PIT,PIT,MIL,,,,,,5.535714286,,,Colin Moran,9.76632
37450-112275,P,Conner,Conner Menez,Menez,30.5696,1,6000,WAS@SFG,SFG,WAS,,,,Yes,,,,,Conner Menez,30.5696
37450-38074,OF,Corey,Corey Dickerson,Dickerson,11.6523,47,3200,PHI@ARI,PHI,ARI,,,,,,5.535714286,,,Corey Dickerson,11.6523
37450-38412,SS,Corey,Corey Seager,Seager,10.4783,89,3000,STL@LOS,LOS,STL,,,,,,5.535714286,,,Corey Seager,10.4783
37450-5094,1B,Daniel,Daniel Murphy,Murphy,9.56028,86,3100,COL@HOU,COL,HOU,,,,,3,5.535714286,,,Daniel Murphy,9.56028
37450-38282,1B,Daniel,Daniel Vogelbach,Vogelbach,13.2913,103,3700,SDP@SEA,SEA,SDP,,,,,,5.535714286,,,Daniel Vogelbach,13.2913
37450-82655,C,Danny,Danny Jansen,Jansen,7.18614,86,2500,TOR@TAM,TOR,TAM,,,,,9,5.535714286,,,Danny Jansen,7.18614
37450-13851,1B,Danny,Danny Santana,Santana,12.2767,84,3900,TEX@CLE,TEX,CLE,,,,,2,5.535714286,,,Danny Santana,12.2767
37450-83051,2B,David,David Bote,Bote,9.22098,97,2300,OAK@CHC,CHC,OAK,,,,,7,5.535714286,,,David Bote,9.22098
37450-79156,SS,David,David Fletcher,Fletcher,9.9633,107,2600,LAA@CIN,LAA,CIN,,,,,1,5.535714286,,,David Fletcher,9.9633
37450-53586,OF,David,David Peralta,Peralta,11.5126,84,3500,PHI@ARI,ARI,PHI,,,,,4,5.535714286,,,David Peralta,11.5126
37450-13794,OF,Delino,Delino DeShields,DeShields,8.4831,75,2300,TEX@CLE,TEX,CLE,,,,,8,5.535714286,,,Delino DeShields,8.4831
37450-5077,OF,Dexter,Dexter Fowler,Fowler,8.42208,101,2600,STL@LOS,STL,LOS,,,,,,5.535714286,,,Dexter Fowler,8.42208
37450-13841,SS,Didi,Didi Gregorius,Gregorius,13.8674,41,3500,NYY@BAL,NYY,BAL,,,,,3,5.535714286,,,Didi Gregorius,13.8674
37450-80433,P,Dinelson,Dinelson Lamet,Lamet,28.5666,5,6500,SDP@SEA,SDP,SEA,,,,Yes,,,,,Dinelson Lamet,28.5666
37450-13567,3B,DJ,DJ LeMahieu,LeMahieu,12.9834,100,3900,NYY@BAL,NYY,BAL,,,,,1,5.535714286,,,DJ LeMahieu,12.9834
37450-85274,OF,DJ,DJ Stewart,Stewart,10.4171,7,2000,NYY@BAL,BAL,NYY,,,,,7,5.535714286,,,DJ Stewart,10.4171
37450-38615,OF,Domingo,Domingo Santana,Santana,11.743,107,3500,SDP@SEA,SEA,SDP,,,,,,5.535714286,,,Domingo Santana,11.743
37450-52885,C,Dustin,Dustin Garneau,Garneau,7.86284,29,2000,OAK@CHC,OAK,CHC,,,,,8,5.535714286,,,Dustin Garneau,7.86284
37450-101753,OF,Dylan,Dylan Moore,Moore,7.6674,76,2000,SDP@SEA,SEA,SDP,,,,,,5.535714286,,,Dylan Moore,7.6674
37450-38040,OF,Eddie,Eddie Rosario,Rosario,12.557,93,3600,ATL@MIN,MIN,ATL,,,,,4,5.535714286,,,Eddie Rosario,12.557
37450-13239,3B,Eduardo,Eduardo Escobar,Escobar,10.9517,111,4100,PHI@ARI,ARI,PHI,,,,,3,5.535714286,,,Eduardo Escobar,10.9517
37450-54307,C,Elias,Elias Diaz,Diaz,7.90734,73,2300,MIL@PIT,PIT,MIL,,,,,,5.535714286,,,Elias Diaz,7.90734
37450-5359,SS,Elvis,Elvis Andrus,Andrus,9.78888,100,3100,TEX@CLE,TEX,CLE,,,,,3,5.535714286,,,Elvis Andrus,9.78888
37450-13691,OF,Ender,Ender Inciarte,Inciarte,8.20456,55,2700,ATL@MIN,ATL,MIN,,,,,9,5.535714286,,,Ender Inciarte,8.20456
37450-12928,1B,Eric,Eric Hosmer,Hosmer,12.3769,110,3300,SDP@SEA,SDP,SEA,,,,,,5.535714286,,,Eric Hosmer,12.3769
37450-12593,2B,Eric,Eric Sogard,Sogard,10.0787,78,3500,TOR@TAM,TAM,TOR,,,,,5,5.535714286,,,Eric Sogard,10.0787
37450-39090,SS,Erik,Erik Gonzalez,Gonzalez,7.15416,18,2000,MIL@PIT,PIT,MIL,,,,,,5.535714286,,,Erik Gonzalez,7.15416
37450-21633,3B,Eugenio,Eugenio Suarez,Suarez,12.9051,111,3600,LAA@CIN,CIN,LAA,,,,,3,5.535714286,,,Eugenio Suarez,12.9051
37450-5607,3B,Evan,Evan Longoria,Longoria,8.16724,84,2700,WAS@SFG,SFG,WAS,,,,,,5.535714286,,,Evan Longoria,8.16724
37450-79393,SS,Fernando,Fernando Tatis Jr.,Tatis Jr.,15.4086,76,4300,SDP@SEA,SDP,SEA,,,,,,5.535714286,,,Fernando Tatis Jr.,15.4086
37450-16952,SS,Francisco,Francisco Lindor,Lindor,12.706,93,4200,TEX@CLE,CLE,TEX,,,,,1,5.535714286,,,Francisco Lindor,12.706
37450-84133,OF,Franmil,Franmil Reyes,Reyes,12.2329,104,2800,TEX@CLE,CLE,TEX,,,,,7,5.535714286,,,Franmil Reyes,12.2329
37450-11334,1B,Freddie,Freddie Freeman,Freeman,12.6764,113,4200,ATL@MIN,ATL,MIN,,,,,3,5.535714286,,,Freddie Freeman,12.6764
37450-13102,SS,Freddy,Freddy Galvis,Galvis,8.12378,109,3000,TOR@TAM,TOR,TAM,,,,,5,5.535714286,,,Freddy Galvis,8.12378
37450-81046,1B,Garrett,Garrett Cooper,Cooper,8.70246,74,2700,MIA@NYM,MIA,NYM,,,,,5,5.535714286,,,Garrett Cooper,8.70246
37450-16983,OF,George,George Springer,Springer,12.0285,80,4400,COL@HOU,HOU,COL,,,,,1,5.535714286,,,George Springer,12.0285
37450-5473,OF,Gerardo,Gerardo Parra,Parra,9.9926,85,2100,WAS@SFG,WAS,SFG,,,,,,5.535714286,,,Gerardo Parra,9.9926
37450-73880,P,German,German Marquez,Marquez,25.7912,25,8000,COL@HOU,COL,HOU,,,,Yes,,,,,German Marquez,25.7912
37450-68588,2B,Gleyber,Gleyber Torres,Torres,14.1493,104,3700,NYY@BAL,NYY,BAL,,,,,4,5.535714286,,,Gleyber Torres,14.1493
37450-38247,2B,Hanser,Hanser Alberto,Alberto,8.11192,94,2600,NYY@BAL,BAL,NYY,,,,,6,5.535714286,,,Hanser Alberto,8.11192
37450-52162,3B,Hunter,Hunter Dozier,Dozier,12.7018,91,3600,KAN@BOS,KAN,BOS,,,,,3,5.535714286,,,Hunter Dozier,12.7018
37450-5146,OF,Hunter,Hunter Pence,Pence,10.3115,69,3500,TEX@CLE,TEX,CLE,,,,,5,5.535714286,,,Hunter Pence,10.3115
37450-54068,OF,Hunter,Hunter Renfroe,Renfroe,13.7528,102,2900,SDP@SEA,SDP,SEA,,,,,,5.535714286,,,Hunter Renfroe,13.7528
37450-6319,OF,Ian,Ian Desmond,Desmond,7.90396,100,2700,COL@HOU,COL,HOU,,,,,6,5.535714286,,,Ian Desmond,7.90396
37450-79178,2B,Isan,Isan Diaz,Diaz,10.5083,2,2200,MIA@NYM,MIA,NYM,,,,,3,5.535714286,,,Isan Diaz,10.5083
37450-68525,OF,J.D.,J.D. Davis,Davis,11.9488,96,2900,MIA@NYM,NYM,MIA,,,,,2,5.535714286,,,J.D. Davis,11.9488
37450-13540,OF,J.D.,J.D. Martinez,Martinez,15.6044,103,4200,KAN@BOS,BOS,KAN,,,,,3,5.535714286,,,J.D. Martinez,15.6044
37450-52179,SS,J.P.,J.P. Crawford,Crawford,10.5249,58,3300,SDP@SEA,SEA,SDP,,,,,,5.535714286,,,J.P. Crawford,10.5249
37450-17139,C,J.T.,J.T. Realmuto,Realmuto,10.6854,106,3400,PHI@ARI,PHI,ARI,,,,,,5.535714286,,,J.T. Realmuto,10.6854
37450-21637,OF,Jackie,Jackie Bradley Jr.,Bradley Jr.,10.5833,103,2700,KAN@BOS,BOS,KAN,,,,,9,5.535714286,,,Jackie Bradley Jr.,10.5833
37450-12306,P,Jake,Jake Arrieta,Arrieta,26.6888,22,6600,PHI@ARI,PHI,ARI,,,,Yes,,,,,Jake Arrieta,26.6888
37450-38196,1B,Jake,Jake Lamb,Lamb,9.62628,35,2900,PHI@ARI,ARI,PHI,,,,,6,5.535714286,,,Jake Lamb,9.62628
37450-79147,P,Jakob,Jakob Junis,Junis,21.701,23,7300,KAN@BOS,KAN,BOS,,,,Yes,,,,,Jakob Junis,21.701
37450-12577,OF,Jarrod,Jarrod Dyson,Dyson,10.7114,89,3000,PHI@ARI,ARI,PHI,,,,,1,5.535714286,,,Jarrod Dyson,10.7114
37450-11129,OF,Jason,Jason Heyward,Heyward,11.2205,105,3000,OAK@CHC,CHC,OAK,,,,,1,5.535714286,,,Jason Heyward,11.2205
37450-12925,2B,Jason,Jason Kipnis,Kipnis,10.9218,90,3400,TEX@CLE,CLE,TEX,,,,,6,5.535714286,,,Jason Kipnis,10.9218
37450-21885,SS,Javier,Javier Baez,Baez,11.9776,110,4300,OAK@CHC,CHC,OAK,,,,,5,5.535714286,,,Javier Baez,11.9776
37450-13188,SS,Jean,Jean Segura,Segura,10.067,100,3400,PHI@ARI,PHI,ARI,,,,,,5.535714286,,,Jean Segura,10.067
37450-85307,2B,Jeff,Jeff McNeil,McNeil,12.544,99,3400,MIA@NYM,NYM,MIA,,,,,1,5.535714286,,,Jeff McNeil,12.544
37450-38016,1B,Jesus,Jesus Aguilar,Aguilar,10.3275,98,2500,TOR@TAM,TAM,TOR,,,,,4,5.535714286,,,Jesus Aguilar,10.3275
37450-52187,1B,Ji-Man,Ji-Man Choi,Choi,11.8449,86,3200,TOR@TAM,TAM,TOR,,,,,1,5.535714286,,,Ji-Man Choi,11.8449
37450-13864,1B,Joc,Joc Pederson,Pederson,11.6664,103,3100,STL@LOS,LOS,STL,,,,,,5.535714286,,,Joc Pederson,11.6664
37450-5488,1B,Joey,Joey Votto,Votto,12.0952,105,3200,LAA@CIN,CIN,LAA,,,,,2,5.535714286,,,Joey Votto,12.0952
37450-101276,OF,Jon,Jon Berti,Berti,9.9622,27,2900,MIA@NYM,MIA,NYM,,,,,2,5.535714286,,,Jon Berti,9.9622
37450-5369,P,Jon,Jon Lester,Lester,32.1882,22,8500,OAK@CHC,CHC,OAK,,,,Yes,,,,,Jon Lester,32.1882
37450-13430,SS,Jonathan,Jonathan Villar,Villar,10.3048,112,3300,NYY@BAL,BAL,NYY,,,,,1,5.535714286,,,Jonathan Villar,10.3048
37450-38324,C,Jorge,Jorge Alfaro,Alfaro,7.254,87,2100,MIA@NYM,MIA,NYM,,,,,8,5.535714286,,,Jorge Alfaro,7.254
37450-21874,SS,Jorge,Jorge Polanco,Polanco,11.1932,106,3700,ATL@MIN,MIN,ATL,,,,,2,5.535714286,,,Jorge Polanco,11.1932
37450-23107,OF,Jorge,Jorge Soler,Soler,13.4567,114,3200,KAN@BOS,KAN,BOS,,,,,4,5.535714286,,,Jorge Soler,13.4567
37450-14562,2B,Jose,Jose Altuve,Altuve,12.0424,77,4200,COL@HOU,HOU,COL,,,,,2,5.535714286,,,Jose Altuve,12.0424
37450-60639,P,Jose,Jose Berrios,Berrios,30.98,22,10800,ATL@MIN,MIN,ATL,,,,Yes,,,,,Jose Berrios,30.98
37450-12919,SS,Jose,Jose Iglesias,Iglesias,9.24128,103,2500,LAA@CIN,CIN,LAA,,,,,5,5.535714286,,,Jose Iglesias,9.24128
37450-73875,OF,Jose,Jose Martinez,Martinez,9.34812,106,2700,STL@LOS,STL,LOS,,,,,,5.535714286,,,Jose Martinez,9.34812
37450-79847,3B,Jose,Jose Osuna,Osuna,11.7965,51,2600,MIL@PIT,PIT,MIL,,,,,,5.535714286,,,Jose Osuna,11.7965
37450-21797,2B,Jose,Jose Peraza,Peraza,8.94208,102,2000,LAA@CIN,CIN,LAA,,,,,7,5.535714286,,,Jose Peraza,8.94208
37450-38976,3B,Jose,Jose Ramirez,Ramirez,11.4157,109,3500,TEX@CLE,CLE,TEX,,,,,5,5.535714286,,,Jose Ramirez,11.4157
37450-101819,P,Jose,Jose Suarez,Suarez,26.616,9,5700,LAA@CIN,LAA,CIN,,,,Yes,,,,,Jose Suarez,26.616
37450-83173,C,Jose,Jose Trevino,Trevino,4.89708,1,2200,TEX@CLE,TEX,CLE,,,,,9,5.535714286,,,Jose Trevino,4.89708
37450-12113,3B,Josh,Josh Donaldson,Donaldson,11.4133,110,3500,ATL@MIN,ATL,MIN,,,,,4,5.535714286,,,Josh Donaldson,11.4133
37450-79223,OF,Josh,Josh Naylor,Naylor,10.3749,45,2000,SDP@SEA,SDP,SEA,,,,,,5.535714286,,,Josh Naylor,10.3749
37450-5189,OF,Josh,Josh Reddick,Reddick,8.45492,102,2500,COL@HOU,HOU,COL,,,,,9,5.535714286,,,Josh Reddick,8.45492
37450-13917,OF,Juan,Juan Lagares,Lagares,6.30624,91,2000,MIA@NYM,NYM,MIA,,,,,8,5.535714286,,,Juan Lagares,6.30624
37450-79282,OF,Juan,Juan Soto,Soto,12.257,102,3900,WAS@SFG,WAS,SFG,,,,,,5.535714286,,,Juan Soto,12.257
37450-6312,3B,Justin,Justin Turner,Turner,10.9974,105,3100,STL@LOS,LOS,STL,,,,,,5.535714286,,,Justin Turner,10.9974
37450-6197,OF,Justin,Justin Upton,Upton,11.4152,33,3000,LAA@CIN,LAA,CIN,,,,,4,5.535714286,,,Justin Upton,11.4152
37450-13593,OF,Keon,Keon Broxton,Broxton,8.0866,75,2100,SDP@SEA,SEA,SDP,,,,,,5.535714286,,,Keon Broxton,8.0866
37450-82605,2B,Keston,Keston Hiura,Hiura,13.4387,50,3200,MIL@PIT,MIL,PIT,,,,,2,5.535714286,,,Keston Hiura,13.4387
37450-21853,2B,Ketel,Ketel Marte,Marte,11.4971,109,4000,PHI@ARI,ARI,PHI,,,,,2,5.535714286,,,Ketel Marte,11.4971
37450-13961,OF,Kevin,Kevin Kiermaier,Kiermaier,9.78898,93,2700,TOR@TAM,TAM,TOR,,,,,7,5.535714286,,,Kevin Kiermaier,9.78898
37450-38299,OF,Kevin,Kevin Pillar,Pillar,7.6742,113,2700,WAS@SFG,SFG,WAS,,,,,,5.535714286,,,Kevin Pillar,7.6742
37450-52171,C,Kevin,Kevin Plawecki,Plawecki,8.45856,43,2200,TEX@CLE,CLE,TEX,,,,,9,5.535714286,,,Kevin Plawecki,8.45856
37450-52147,3B,Kris,Kris Bryant,Bryant,11.8293,106,4000,OAK@CHC,CHC,OAK,,,,,3,5.535714286,,,Kris Bryant,11.8293
37450-13302,OF,Kristopher,Kristopher Negron,Negron,7.57004,16,2300,STL@LOS,LOS,STL,,,,,,5.535714286,,,Kristopher Negron,7.57004
37450-5311,C,Kurt,Kurt Suzuki,Suzuki,10.218,64,2300,WAS@SFG,WAS,SFG,,,,,,5.535714286,,,Kurt Suzuki,10.218
37450-13966,3B,Kyle,Kyle Seager,Seager,10.4845,58,3100,SDP@SEA,SEA,SDP,,,,,,5.535714286,,,Kyle Seager,10.4845
37450-38599,OF,Lewis,Lewis Brinson,Brinson,7.3098,29,2000,MIA@NYM,MIA,NYM,,,,,7,5.535714286,,,Lewis Brinson,7.3098
37450-13072,1B,Logan,Logan Forsythe,Forsythe,7.96814,76,2800,TEX@CLE,TEX,CLE,,,,,7,5.535714286,,,Logan Forsythe,7.96814
37450-12434,OF,Lorenzo,Lorenzo Cain,Cain,11.4274,105,3000,MIL@PIT,MIL,PIT,,,,,1,5.535714286,,,Lorenzo Cain,11.4274
37450-79272,OF,Lourdes,Lourdes Gurriel Jr.,Gurriel Jr.,9.82028,76,3100,TOR@TAM,TOR,TAM,,,,,3,5.535714286,,,Lourdes Gurriel Jr.,9.82028
37450-101827,3B,Luis,Luis Arraez,Arraez,9.80576,47,2700,ATL@MIN,MIN,ATL,,,,,6,5.535714286,,,Luis Arraez,9.80576
37450-82616,SS,Luis,Luis Guillorme,Guillorme,8.5738,18,2000,MIA@NYM,NYM,MIA,,,,,6,5.535714286,,,Luis Guillorme,8.5738
37450-101817,2B,Luis,Luis Rengifo,Rengifo,8.57756,74,2400,LAA@CIN,LAA,CIN,,,,,7,5.535714286,,,Luis Rengifo,8.57756
37450-79225,2B,Luis,Luis Urias,Urias,9.9508,24,2100,SDP@SEA,SDP,SEA,,,,,,5.535714286,,,Luis Urias,9.9508
37450-38842,OF,Mallex,Mallex Smith,Smith,11.0481,93,3000,SDP@SEA,SEA,SDP,,,,,,5.535714286,,,Mallex Smith,11.0481
37450-13929,3B,Manny,Manny Machado,Machado,13.3236,108,3900,SDP@SEA,SDP,SEA,,,,,,5.535714286,,,Manny Machado,13.3236
37450-13209,C,Manny,Manny Pina,Pina,7.69644,52,2400,MIL@PIT,MIL,PIT,,,,,6,5.535714286,,,Manny Pina,7.69644
37450-54401,OF,Manuel,Manuel Margot,Margot,9.38262,102,2700,SDP@SEA,SDP,SEA,,,,,,5.535714286,,,Manuel Margot,9.38262
37450-17086,OF,Marcell,Marcell Ozuna,Ozuna,10.5568,81,3800,STL@LOS,STL,LOS,,,,,,5.535714286,,,Marcell Ozuna,10.5568
37450-21705,SS,Marcus,Marcus Semien,Semien,10.601,114,3500,OAK@CHC,OAK,CHC,,,,,1,5.535714286,,,Marcus Semien,10.601
37450-21666,1B,Mark,Mark Canha,Canha,11.1681,80,2900,OAK@CHC,OAK,CHC,,,,,4,5.535714286,,,Mark Canha,11.1681
37450-13694,1B,Marwin,Marwin Gonzalez,Gonzalez,9.47028,90,2500,ATL@MIN,MIN,ATL,,,,,8,5.535714286,,,Marwin Gonzalez,9.47028
37450-13799,1B,Matt,Matt Adams,Adams,9.86836,81,2900,WAS@SFG,WAS,SFG,,,,,,5.535714286,,,Matt Adams,9.86836
37450-101820,1B,Matt,Matt Beaty,Beaty,9.15188,55,2500,STL@LOS,LOS,STL,,,,,,5.535714286,,,Matt Beaty,9.15188
37450-13152,3B,Matt,Matt Carpenter,Carpenter,8.72156,83,2900,STL@LOS,STL,LOS,,,,,,5.535714286,,,Matt Carpenter,8.72156
37450-68544,3B,Matt,Matt Chapman,Chapman,11.8671,110,3400,OAK@CHC,OAK,CHC,,,,,2,5.535714286,,,Matt Chapman,11.8671
37450-53844,3B,Matt,Matt Duffy,Duffy,7.81786,10,2700,TOR@TAM,TAM,TOR,,,,,8,5.535714286,,,Matt Duffy,7.81786
37450-6005,OF,Matt,Matt Joyce,Joyce,8.55678,85,2000,ATL@MIN,ATL,MIN,,,,,7,5.535714286,,,Matt Joyce,8.55678
37450-52175,1B,Matt,Matt Olson,Olson,12.6453,80,3300,OAK@CHC,OAK,CHC,,,,,3,5.535714286,,,Matt Olson,12.6453
37450-79152,3B,Matt,Matt Thaiss,Thaiss,10.0615,19,2600,LAA@CIN,LAA,CIN,,,,,6,5.535714286,,,Matt Thaiss,10.0615
37450-21875,OF,Max,Max Kepler,Kepler,13.0225,104,4300,ATL@MIN,MIN,ATL,,,,,1,5.535714286,,,Max Kepler,13.0225
37450-52176,2B,Max,Max Muncy,Muncy,13.3315,110,3800,STL@LOS,LOS,STL,,,,,,5.535714286,,,Max Muncy,13.3315
37450-13436,C,Max,Max Stassi,Stassi,6.92004,33,2000,LAA@CIN,LAA,CIN,,,,,8,5.535714286,,,Max Stassi,6.92004
37450-83180,C,Meibrys,Meibrys Viloria,Viloria,8.60506,9,2400,KAN@BOS,KAN,BOS,,,,,8,5.535714286,,,Meibrys Viloria,8.60506
37450-6273,OF,Michael,Michael Brantley,Brantley,11.6031,105,3700,COL@HOU,HOU,COL,,,,,3,5.535714286,,,Michael Brantley,11.6031
37450-79087,2B,Michael,Michael Chavis,Chavis,10.6434,90,3100,KAN@BOS,BOS,KAN,,,,,8,5.535714286,,,Michael Chavis,10.6434
37450-13390,SS,Miguel,Miguel Rojas,Rojas,7.48848,107,3000,MIA@NYM,MIA,NYM,,,,,1,5.535714286,,,Miguel Rojas,7.48848
37450-16950,3B,Miguel,Miguel Sano,Sano,10.844,63,3500,ATL@MIN,MIN,ATL,,,,,7,5.535714286,,,Miguel Sano,10.844
37450-38272,P,Mike,Mike Foltynewicz,Foltynewicz,23.1144,11,7000,ATL@MIN,ATL,MIN,,,,Yes,,,,,Mike Foltynewicz,23.1144
37450-82824,1B,Mike,Mike Ford,Ford,14.2306,13,2300,NYY@BAL,NYY,BAL,,,,,7,5.535714286,,,Mike Ford,14.2306
37450-11339,P,Mike,Mike Leake,Leake,24.8982,22,8300,PHI@ARI,ARI,PHI,,,,Yes,,,,,Mike Leake,24.8982
37450-11322,3B,Mike,Mike Moustakas,Moustakas,13.1509,105,3500,MIL@PIT,MIL,PIT,,,,,3,5.535714286,,,Mike Moustakas,13.1509
37450-80847,OF,Mike,Mike Tauchman,Tauchman,11.1205,59,2900,NYY@BAL,NYY,BAL,,,,,9,5.535714286,,,Mike Tauchman,11.1205
37450-12933,OF,Mike,Mike Trout,Trout,15.8194,107,4600,LAA@CIN,LAA,CIN,,,,,2,5.535714286,,,Mike Trout,15.8194
37450-53033,OF,Mike,Mike Yastrzemski,Yastrzemski,10.5898,61,3100,WAS@SFG,SFG,WAS,,,,,,5.535714286,,,Mike Yastrzemski,10.5898
37450-17121,P,Miles,Miles Mikolas,Mikolas,23.374,22,7400,STL@LOS,STL,LOS,,,,Yes,,,,,Miles Mikolas,23.374
37450-81622,C,Mitch,Mitch Garver,Garver,11.2114,60,3100,ATL@MIN,MIN,ATL,,,,,5,5.535714286,,,Mitch Garver,11.2114
37450-12462,1B,Mitch,Mitch Moreland,Moreland,11.1709,54,3000,KAN@BOS,BOS,KAN,,,,,7,5.535714286,,,Mitch Moreland,11.1709
37450-39151,OF,Mookie,Mookie Betts,Betts,15.599,113,4300,KAN@BOS,BOS,KAN,,,,,1,5.535714286,,,Mookie Betts,15.599
37450-5763,OF,Nelson,Nelson Cruz,Cruz,13.6264,84,4500,ATL@MIN,MIN,ATL,,,,,3,5.535714286,,,Nelson Cruz,13.6264
37450-13342,OF,Nicholas,Nicholas Castellanos,Castellanos,10.902,105,3200,OAK@CHC,CHC,OAK,,,,,2,5.535714286,,,Nicholas Castellanos,10.902
37450-21612,SS,Nick,Nick Ahmed,Ahmed,9.22148,111,3100,PHI@ARI,ARI,PHI,,,,,7,5.535714286,,,Nick Ahmed,9.22148
37450-79108,OF,Nick,Nick Senzel,Senzel,10.4177,75,3100,LAA@CIN,CIN,LAA,,,,,1,5.535714286,,,Nick Senzel,10.4177
37450-102331,2B,Nicky,Nicky Lopez,Lopez,9.58374,69,2100,KAN@BOS,KAN,BOS,,,,,9,5.535714286,,,Nicky Lopez,9.58374
37450-13719,3B,Nolan,Nolan Arenado,Arenado,9.88656,111,4100,COL@HOU,COL,HOU,,,,,4,5.535714286,,,Nolan Arenado,9.88656
37450-38326,OF,Nomar,Nomar Mazara,Mazara,10.973,97,3500,TEX@CLE,TEX,CLE,,,,,4,5.535714286,,,Nomar Mazara,10.973
37450-71217,C,Omar,Omar Narvaez,Narvaez,11.3316,94,2500,SDP@SEA,SEA,SDP,,,,,,5.535714286,,,Omar Narvaez,11.3316
37450-21890,SS,Orlando,Orlando Arcia,Arcia,8.58836,110,2700,MIL@PIT,MIL,PIT,,,,,8,5.535714286,,,Orlando Arcia,8.58836
37450-83143,OF,Oscar,Oscar Mercado,Mercado,12.0153,67,3500,TEX@CLE,CLE,TEX,,,,,2,5.535714286,,,Oscar Mercado,12.0153
37450-68587,2B,Ozzie,Ozzie Albies,Albies,11.0863,113,3300,ATL@MIN,ATL,MIN,,,,,2,5.535714286,,,Ozzie Albies,11.0863
37450-95776,OF,Pablo,Pablo Reyes,Reyes,9.51252,27,2000,MIL@PIT,PIT,MIL,,,,,,5.535714286,,,Pablo Reyes,9.51252
37450-80462,SS,Paul,Paul DeJong,DeJong,9.23078,109,3400,STL@LOS,STL,LOS,,,,,,5.535714286,,,Paul DeJong,9.23078
37450-12968,1B,Paul,Paul Goldschmidt,Goldschmidt,11.0296,111,3700,STL@LOS,STL,LOS,,,,,,5.535714286,,,Paul Goldschmidt,11.0296
37450-65991,C,Pedro,Pedro Severino,Severino,8.69362,65,2700,NYY@BAL,BAL,NYY,,,,,5,5.535714286,,,Pedro Severino,8.69362
37450-82614,1B,Pete,Pete Alonso,Alonso,14.4269,112,3800,MIA@NYM,NYM,MIA,,,,,3,5.535714286,,,Pete Alonso,14.4269
37450-52151,OF,Phillip,Phillip Ervin,Ervin,10.6773,48,2400,LAA@CIN,CIN,LAA,,,,,6,5.535714286,,,Phillip Ervin,10.6773
37450-68585,3B,Rafael,Rafael Devers,Devers,15.9438,112,4200,KAN@BOS,BOS,KAN,,,,,2,5.535714286,,,Rafael Devers,15.9438
37450-60635,OF,Raimel,Raimel Tapia,Tapia,7.76404,101,2400,COL@HOU,COL,HOU,,,,,7,5.535714286,,,Raimel Tapia,7.76404
37450-13909,OF,Randal,Randal Grichuk,Grichuk,8.87518,106,2900,TOR@TAM,TOR,TAM,,,,,6,5.535714286,,,Randal Grichuk,8.87518
37450-53725,3B,Renato,Renato Nunez,Nunez,10.7577,107,2800,NYY@BAL,BAL,NYY,,,,,4,5.535714286,,,Renato Nunez,10.7577
37450-79215,1B,Rhys,Rhys Hoskins,Hoskins,12.9835,111,4000,PHI@ARI,PHI,ARI,,,,,,5.535714286,,,Rhys Hoskins,12.9835
37450-79204,SS,Richie,Richie Martin,Martin,5.862,88,2000,NYY@BAL,BAL,NYY,,,,,9,5.535714286,,,Richie Martin,5.862
37450-13854,OF,Robbie,Robbie Grossman,Grossman,7.31078,96,2300,OAK@CHC,OAK,CHC,,,,,7,5.535714286,,,Robbie Grossman,7.31078
37450-12988,C,Robinson,Robinson Chirinos,Chirinos,8.69076,85,2800,COL@HOU,HOU,COL,,,,,8,5.535714286,,,Robinson Chirinos,8.69076
37450-79756,OF,Ronald,Ronald Acuna Jr.,Acuna Jr.,13.1295,113,4200,ATL@MIN,ATL,MIN,,,,,1,5.535714286,,,Ronald Acuna Jr.,13.1295
37450-21584,2B,Rougned,Rougned Odor,Odor,10.7635,96,3300,TEX@CLE,TEX,CLE,,,,,6,5.535714286,,,Rougned Odor,10.7635
37450-5434,OF,Ryan,Ryan Braun,Braun,11.9516,105,3300,MIL@PIT,MIL,PIT,,,,,4,5.535714286,,,Ryan Braun,11.9516
37450-68514,2B,Ryan,Ryan McMahon,McMahon,8.69638,93,2600,COL@HOU,COL,HOU,,,,,5,5.535714286,,,Ryan McMahon,8.69638
37450-79141,1B,Ryan,Ryan O'Hearn,O'Hearn,11.5329,64,2100,KAN@BOS,KAN,BOS,,,,,6,5.535714286,,,Ryan O'Hearn,11.5329
37450-68485,P,Ryan,Ryan Yarbrough,Yarbrough,26.823,18,7800,TOR@TAM,TAM,TOR,,,,,0,,,,Ryan Yarbrough,26.823
37450-13286,2B,Scooter,Scooter Gennett,Gennett,8.78706,25,2800,WAS@SFG,SFG,WAS,,,,,,5.535714286,,,Scooter Gennett,8.78706
37450-79213,3B,Scott,Scott Kingery,Kingery,9.79138,79,3200,PHI@ARI,PHI,ARI,,,,,,5.535714286,,,Scott Kingery,9.79138
37450-5222,OF,Shin-soo,Shin-soo Choo,Choo,12.0941,106,3400,TEX@CLE,TEX,CLE,,,,,1,5.535714286,,,Shin-Soo Choo,12.0941
37450-12168,2B,Starlin,Starlin Castro,Castro,7.44026,111,2400,MIA@NYM,MIA,NYM,,,,,6,5.535714286,,,Starlin Castro,7.44026
37450-13423,OF,Starling,Starling Marte,Marte,12.1066,101,3900,MIL@PIT,PIT,MIL,,,,,,5.535714286,,,Starling Marte,12.1066
37450-38252,OF,Stephen,Stephen Piscotty,Piscotty,9.46768,79,2700,OAK@CHC,OAK,CHC,,,,,6,5.535714286,,,Stephen Piscotty,9.46768
37450-13516,C,Stephen,Stephen Vogt,Vogt,10.1674,63,2300,WAS@SFG,SFG,WAS,,,,,,5.535714286,,,Stephen Vogt,10.1674
37450-71188,P,Steven,Steven Brault,Brault,24.587,18,5500,MIL@PIT,PIT,MIL,,,,Yes,,,,,Steven Brault,24.587
37450-84655,OF,Stevie,Stevie Wilkerson,Wilkerson,7.47402,78,2300,NYY@BAL,BAL,NYY,,,,,8,5.535714286,,,Stevie Wilkerson,7.47402
37450-73023,OF,Teoscar,Teoscar Hernandez,Hernandez,8.59964,84,2600,TOR@TAM,TOR,TAM,,,,,7,5.535714286,,,Teoscar Hernandez,8.59964
37450-12863,3B,Todd,Todd Frazier,Frazier,10.7268,89,3000,MIA@NYM,NYM,MIA,,,,,5,5.535714286,,,Todd Frazier,10.7268
37450-108450,3B,Tommy,Tommy Edman,Edman,7.45462,43,2800,STL@LOS,STL,LOS,,,,,,5.535714286,,,Tommy Edman,7.45462
37450-38127,C,Tony,Tony Wolters,Wolters,5.84148,82,2000,COL@HOU,COL,HOU,,,,,9,5.535714286,,,Tony Wolters,5.84148
37450-13099,C,Travis,Travis d'Arnaud,d'Arnaud,11.1656,65,3400,TOR@TAM,TAM,TOR,,,,,2,5.535714286,,,Travis D'Arnaud,11.1656
37450-65881,SS,Trea,Trea Turner,Turner,11.5361,73,3800,WAS@SFG,WAS,SFG,,,,,,5.535714286,,,Trea Turner,11.5361
37450-79175,OF,Trent,Trent Grisham,Grisham,12.4659,4,2300,MIL@PIT,MIL,PIT,,,,,7,5.535714286,,,Trent Grisham,12.4659
37450-101855,P,Trent,Trent Thornton,Thornton,20.7036,22,6300,TOR@TAM,TOR,TAM,,,,Yes,,,,,Trent Thornton,20.7036
37450-52158,SS,Trevor,Trevor Story,Story,10.293,99,4200,COL@HOU,COL,HOU,,,,,2,5.535714286,,,Trevor Story,10.293
37450-53401,1B,Trey,Trey Mancini,Mancini,10.9737,106,3900,NYY@BAL,BAL,NYY,,,,,2,5.535714286,,,Trey Mancini,10.9737
37450-13304,C,Tucker,Tucker Barnhart,Barnhart,8.03386,68,2400,LAA@CIN,CIN,LAA,,,,,8,5.535714286,,,Tucker Barnhart,8.03386
37450-38293,OF,Tyler,Tyler Naquin,Naquin,10.4937,70,2300,TEX@CLE,CLE,TEX,,,,,8,5.535714286,,,Tyler Naquin,10.4937
37450-80848,C,Victor,Victor Caratini,Caratini,8.05248,51,2800,OAK@CHC,CHC,OAK,,,,,8,5.535714286,,,Victor Caratini,8.05248
37450-68563,OF,Victor,Victor Robles,Robles,8.57194,107,3000,WAS@SFG,WAS,SFG,,,,,,5.535714286,,,Victor Robles,8.57194
37450-79273,3B,Vladimir,Vladimir Guerrero Jr.,Guerrero Jr.,10.782,83,3900,TOR@TAM,TOR,TAM,,,,,4,5.535714286,,,Vladimir Guerrero Jr.,10.782
37450-6018,P,Wade,Wade LeBlanc,LeBlanc,22.8782,17,6200,SDP@SEA,SEA,SDP,,,,,,,,,Wade LeBlanc,22.8782
37450-70562,OF,Whit,Whit Merrifield,Merrifield,12.9929,114,3400,KAN@BOS,KAN,BOS,,,,,1,5.535714286,,,Whit Merrifield,12.9929
37450-12931,OF,Wil,Wil Myers,Myers,12.3395,108,2600,SDP@SEA,SDP,SEA,,,,,,5.535714286,,,Wil Myers,12.3395
37450-79401,C,Will,Will Smith,Smith,12.025,18,3300,STL@LOS,LOS,STL,,,,,,5.535714286,,,Will Smith,12.025
37450-60655,SS,Willy,Willy Adames,Adames,8.74368,106,2800,TOR@TAM,TAM,TOR,,,,,9,5.535714286,,,Willy Adames,8.74368
37450-12123,C,Wilson,Wilson Ramos,Ramos,10.6979,98,2500,MIA@NYM,NYM,MIA,,,,,4,5.535714286,,,Wilson Ramos,10.6979
37450-38005,OF,Yasiel,Yasiel Puig,Puig,12.5185,105,3200,TEX@CLE,CLE,TEX,,,,,4,5.535714286,,,Yasiel Puig,12.5185
37450-13303,C,Yasmani,Yasmani Grandal,Grandal,11.2719,106,3200,MIL@PIT,MIL,PIT,,,,,5,5.535714286,,,Yasmani Grandal,11.2719
37450-12521,1B,Yonder,Yonder Alonso,Alonso,7.69684,79,2200,COL@HOU,COL,HOU,,,,,8,5.535714286,,,Yonder Alonso,7.69684
37450-82575,OF,Yordan,Yordan Alvarez,Alvarez,14.2251,41,4000,COL@HOU,HOU,COL,,,,,5,5.535714286,,,Yordan Alvarez,14.2251
37450-71507,1B,Yuli,Yuli Gurriel,Gurriel,9.68044,104,3100,COL@HOU,HOU,COL,,,,,7,5.535714286,,,Yuli Gurriel,9.68044
37450-104584,P,Zach,Zach Plesac,Plesac,28.6296,12,7500,TEX@CLE,CLE,TEX,,,,Yes,,,,,Zach Plesac,28.6296
37450-5522,P,Zack,Zack Greinke,Greinke,33.7566,26,9700,COL@HOU,HOU,COL,,,,Yes,,,,,Zack Greinke,33.7566
37450-16960,P,Zack,Zack Wheeler,Wheeler,44.249,21,10700,MIA@NYM,NYM,MIA,,,,Yes,,,,,Zack Wheeler,44.249